Food Resource Type,Agency,Location,Operational Status,Operational Notes,Who They Serve,Address,Latitude,Longitude,Phone Number,Website,Days/Hours,Date Updated
Food Bank,Ballard Food Bank,Ballard Food Bank,Open,"Drive thru food bank only during listed hours.
Home delivery: Tuesday- Thursday
Sandwiches and no-cook bags available all open hours as well as Tues: 11:00 am - 4:00 pm",General Public,"5130 Leary Ave NW, Seattle, WA 98107",47.6656752,-122.3804563,(206)-789-7800,http://www.ballardfoodbank.org/,"Mon: 2:00 pm - 6:00 pm
Wed: 12:00 pm - 4:00 pm
Thurs: 2:00 pm - 6:00 pm",08/20/2021 12:00:00 AM
Food Bank & Meal,Bethany Community Church,Food Pantry and Meals,Open,"Food Bank continues on a weekly basis, and  Community Meal is providing to-go meals to anyone who needs it.",General Public,"80230 Green Lake Dr N, Seattle, WA 98103",47.6873209,-122.3411453,(206)-524-9000,http://www.churchbcc.org/greenlake/serve/local-outreach,"Food Bank: 
Mon: 6:00 pm - 7:00 pm  
Community Meal: 
Second and Last Mon of every month 6:00 pm - 7:00 pm",08/20/2021 12:00:00 AM
Food Bank & Meal,Blessed Sacrament,Blessed Sacrament Sunday Meal and Food Bank,Open,"Food Bank: Home Delivery only
Meals: To-go boxes",General Public,"5050 8th Ave NE, Seattle, WA 98105",47.6664368,-122.3190289,(206)-547-3020,http://www.blessed-sacrament.org/outreach,"Food Bank:
Home Delivery and/or Fri: 10:30 am - 12:00 pm

Meal Program:
Sun: 12:00 pm - 2:00 pm",08/20/2021 12:00:00 AM
Food Bank,Byrd Barr Place,Byrd Barr Place Food Bank,Open,"Pre-packaged grocery bags of perishable and non-perishable items 
Pick up out front for social distancing",General Public,"420 E Pike St, 
Seattle, WA 
98122",47.614462,-122.3258975,(206)-547-2885,http://www.byrdbarrplace.org/programs-services/food-bank/,"Tues: 11:00 am - 4:00 pm
Wed: 12:00 pm - 4:00 pm
Thurs: 10:00 am - 2:00 pm",08/20/2021 12:00:00 AM
Meal,Catholic Community Services of Western Washington,Pacific/Algona Senior Center,Limited Operations,Please call ahead for pick up or delivery of a meal,Older Adults 60+ and Eligible Participants,"100 3rd Ave SW, Pacific, WA 98047",47.2641168,-122.248845,(253)-929-1150,http://www.pacificwa.gov/,"To-go Meal:
Tue, Wed, Thurs, Fri: 11:00 am - 1:00 pm

Monday Stone Soup:
Mon: 11:00 am - 1:00 pm",08/20/2021 12:00:00 AM
Meal,Catholic Community Services of Western Washington,Auburn Senior Center,Limited Operations,"In order to prepare enough food and arrange for deliveries, please call ahead at least 3 days ahead. Phone number: (235)-931-3016",Older Adults 60+ and Eligible Participants,"808 9th St SE, Auburn, WA 98002",47.2997341,-122.218084,(253)-931-3016,http://www.auburnwa.gov/city_hall/parks_arts_recreation/senior_activity_center,"Walk Up:
Mon, Tues, Wed, Thurs, Fri: 12:00 pm - 12:15 pm",08/20/2021 12:00:00 AM
Meal,Catholic Community Services of Western Washington,Des Moines Senior Center,Limited Operations,"The center is closed, but lunch is available for pick up during hours. CCS requests participants order meals one week in advance of service need.",Older Adults 60+ and Eligible Participants,"2045 S 216th St, Des Moines, WA 98198",47.4069514,-122.3058553,(206)-878-1642,http://www.desmoineswa.gov/cms/one.aspx?pageId=17490998,"Mon, Tues, Weds, Thurs
12:00 pm - 12:30 pm",08/20/2021 12:00:00 AM
Meal,Catholic Community Services of Western Washington,North SeaTac Community Center,Limited Operations,"Meals handed out on a first come, first served basis. Please enter the parking lot from the entrance on 24th Avenue S. and pick up your meal in front of the Senior Program doors.",Older Adults 60+ and Eligible Participants,"13735 24th Ave S, SeaTac, WA 98168",47.4802984,-122.3038972,(206)-973-4686,http://www.seatacwa.gov/services/senior-program,"Tues, Wed, Thurs, Fri
11:45 am - 12:30 pm",08/20/2021 12:00:00 AM
Meal,Catholic Community Services of Western Washington,Issaquah Senior Center,Limited Operations,Hot to-go meals provided during hours,Older Adults 60+ and Eligible Participants,"75 NE Creek Way, Issaquah, WA 98027",47.5312212,-122.0349418,(425)-392-2381,http://www.issaquahwa.gov/1744/Seniors,"Mon, Tues, Wed, Thurs, Fri
12:00 pm - 12:30 pm",08/20/2021 12:00:00 AM
Meal,Catholic Community Services of Western Washington,North Bellevue Community Center,Limited Operations,"Adults 60 and older can enjoy a delicious hot lunch every Monday, Tuesday, Wednesday and Friday for a suggested donation of $4.50 at the North Bellevue Community Center. Those under 60 pay a suggested donation of $6.50. Lunches are sponsored and prepared by Catholic Community Services staff and community center volunteers.",Older Adults 60+ and Eligible Participants,"4063 148th Ave NE, Bellevue, WA 98007",47.647434,-122.1450803,(425)-452-7681,http://www.bellevuewa.gov/city-government/departments/parks/community-centers/north-bellevue-community-center,"Mon, Tues, Wed, Fri",08/20/2021 12:00:00 AM
Meal,Community Network Council,Community Network Council,Open,"No longer providing food, just list of resources",General Public,"1819 Central Ave S, Suite 72, Kent, WA 98032",47.362482,-122.2307681,,http://www.wacnc.org,"Tues, Thurs:
11:00 am - 1:00 pm",08/20/2021 12:00:00 AM
Food Bank,FamilyWorks,Wallingford Food Bank,Open,"The site is running an express, outdoor, walk-up distribution model at the rear of the building",General Public,"1501 N 45th St, Seattle, WA 98103",47.6611921,-122.3389393,(206)-694-6722,http://www.familyworksseattle.org/food-banks/,"Tues: 12:00 pm - 2:00 pm
Thurs: 3:00 pm - 6:00 pm
Fri: 11:00 am - 1:00 pm",08/20/2021 12:00:00 AM
Food Bank,FamilyWorks,Greenwood Food Bank,Open,FamilyWorks Food Bank is located in the Salvation Army Greenwood location,General Public,"9501 Greenwood Ave N, Seattle, WA 98103",47.6984899,-122.3557886,(206)-694-6722,http://www.familyworksseattle.org/food-banks/,"Tues:
3:30 pm - 6:00 pm

Wed:
Seniors: 11:00 am - 2:00 pm AND
General Public: 12:00 pm - 2:00 pm",08/20/2021 12:00:00 AM
Food Bank,Hopelink,Bellevue Food Bank,Limited Operations,Pre-packaged grocery bags for pick up,General Public,"14812 Main St, Bellevue, WA 98007",47.6101989,-122.1414751,(425)-869-6000,http://www.hopelink.org/need-help/food#collapseTen,"Tues: 12:00 pm - 4:00 pm
Wed: 3:00 pm - 7:00 pm
Thurs: 10:00 am - 2:00 pm",08/20/2021 12:00:00 AM
Food Bank,Hopelink,Duvall Redemption Church,Open,Pre-packaged grocery bags for pick up: drive thru only,General Public,"15305 Main St NE, Duvall, WA 98019",47.7384956,-121.9874376,(425)-869-6000,http://www.hopelink.org/location/mobile-market,"1st & 3rd Wed:
2:00 pm - 3:00 pm",08/20/2021 12:00:00 AM
Food Bank,Hopelink,Fall City Library,Open,Pre-packaged grocery bags for pick up,General Public,"33415 SE 42nd Pl, Fall City, WA 98024",47.5687511,-121.8939291,(425)-869-6000,http://www.hopelink.org/location/mobile-market,"1st & 3rd Wed
11:00 am - 12:00 pm",08/20/2021 12:00:00 AM
Food Bank,Hopelink,Kenmore Community Church,Open,Pre-packaged grocery bags for pick up,General Public,"7504 NE Bothell Way, Kenmore, WA 98028",47.7574803,-122.2403086,(425)-869-6000,http://www.hopelink.org/location/mobile-market,"2nd & 4th Thurs:
1:00 pm - 3:00 pm",08/20/2021 12:00:00 AM
Food Bank,Hopelink,Kenmore Senior Center,Open,Pre-packaged grocery bags for pick up,General Public,"6910 NE 170th St, Kenmore, WA 98028",47.751708,-122.2484442,(425)-869-6000,http://www.hopelink.org/location/mobile-market,"1st & 3rd Tues:
1:00 pm - 2:30 pm",08/20/2021 12:00:00 AM
Food Bank,Hopelink,Kirkland Food Bank,Limited Operations,Pre-packaged grocery bags for pick up,General Public,"11011 120th Ave NE, Kirkland, WA 98033",47.6987817,-122.1818137,(425)-869-6000,http://www.hopelink.org/need-help/food#collapseTen,"Tues: 12:00 pm - 4:00 pm
Wed: 3:00 pm - 7:00 pm
Thurs: 10:00 am - 2:00 pm",08/20/2021 12:00:00 AM
Food Bank,Hopelink,Lake Hills Elementary,Open,Mobile Market,General Public,"14310 SE 12th St, Bellevue, WA 98007",47.600419,-122.1487891,,http://hopelink.org/mobile-market,"2nd & 4th Wed:
4:30 pm - 5:30 pm",08/20/2021 12:00:00 AM
Food Bank,Hopelink,Redmond Food Bank,Limited Operations,Pre-packaged grocery bags for pick up,General Public,"8990 154th Ave NE, Redmond, WA 98052",47.6818932,-122.13423,(425)-869-6000,http://www.hopelink.org/need-help/food#collapseTen,"Tues: 12:00 pm - 4:00 pm
Wed: 3:00 pm - 7:00 pm
Thurs: 10:00 am - 2:00 pm",08/20/2021 12:00:00 AM
Food Bank,Hopelink,Shoreline Food Bank,Limited Operations,Pre-packaged grocery bags for pick up,General Public,"17837 Aurora Ave N, Shoreline, WA 98133",47.7588147,-122.3461885,(425)-869-6000,http://www.hopelink.org/need-help/food#collapseTen,"Tues: 12:00 pm - 4:00 pm
Wed: 3:00 pm - 7:00 pm
Thurs: 10:00 am - 2:00 pm",08/20/2021 12:00:00 AM
Food Bank,Hopelink,Sno-Valley Food Bank,Limited Operations,Pre-packaged grocery bags for pick up,General Public,"31957 East Commercial St, Carnation, WA 98014",47.6488697,-121.912673,(425)-869-6000,http://www.hopelink.org/need-help/food#collapseTen,"Wed: 3:00 pm - 7:00 pm
Thurs: 10:00 am - 2:00 pm",08/20/2021 12:00:00 AM
Food Bank,Hopelink,Woodinville Downtown,Open,Pre-packaged grocery bags for pick up,General Public,"18105 142nd Ave NE, Woodinville, WA 98072",47.758519,-122.149842,(425)-869-6000,http://www.hopelink.org/location/mobile-market,"2nd & 4th Wed:
1:30 pm -3:00 pm",08/20/2021 12:00:00 AM
Food Bank,Hopelink,UW Bothell/Cascadia College,Open,Pre-packaged grocery bags for pick up,General Public,"18115 Campus Way NE Building CC2, Bothell, WA 98011",47.7612687,-122.1918002,(425)-869-6000,http://www.hopelink.org/location/mobile-market,"1st & 3rd Thurs: 
10:30 am - 12:00 am",08/20/2021 12:00:00 AM
Food Bank,Hopelink,Woodinville Library,Open,Pre-packaged grocery bags for pick up,General Public,"17105 Avondale Rd NE, Woodinville, WA 98072",47.7515963,-122.0819456,(425)-869-6000,http://www.hopelink.org/location/mobile-market,"1st & 3rd Tues:
10:30 am - 11:30 am",08/20/2021 12:00:00 AM
Food Bank & Meal,Immanuel Community Services,Immanuel Community Services Food Bank and Community Lunch,Limited Operations,"Home delivery is available through website link. Hygiene Center is still open from 8am to 2pm on weekdays. 

If you are unable to leave your home & need food, please email info@icsseattleorg",General Public,"1215 Thomas, Seattle, WA 98109",47.6206572,-122.3321098,(206)-622-1930,http://www.icsseattle.org/covid-19-info/,"Food Bank:
Mon: 10:00 am - 1:00 pm

Meals:
Last Sun of each Month 12:00 pm - 2:00 pm",08/20/2021 12:00:00 AM
Food Bank,Jewish Family Service,Polack Food Bank,Open,,General Public,"1601 16th Ave, Seattle, WA 98122",47.6155896,-122.3118419,(206)-461-3240,http://www.jfsseattle.org/get-help/polack-food-bank/,"Wed: 10:00 am - 12:00 pm
Thurs: 2:00 pm - 4:00 pm
Fri: 10:00 am - 12:00 pm",08/20/2021 12:00:00 AM
Food Bank,North Helpline,Lake City Food Bank,Open,Walk-up distribution of pre-packed food bags. No-cook option available.,General Public,"12736 33rd Ave NE, Seattle, WA 98125",47.7223248,-122.2918447,(206)-367-3477,http://www.northhelpline.org/get-help/food-bank/,"Wed: 9:00 am - 2:00 pm
Thurs: 4:00 pm - 7:00 pm
Sat: 9:00 am - 2:00 pm",08/20/2021 12:00:00 AM
Food Bank,North Helpline,Bitter Lake Food Bank,Open,Walk-up distribution of pre-packed food bags. No-cook option available.,General Public,"13000 Linden Ave N, Seattle, WA 98125",47.7242235,-122.3472592,(206)-367-3477,http://www.northhelpline.org/get-help/bitter-lake/,Sat: 9:00 am - 2:00 pm,08/20/2021 12:00:00 AM
Food Bank,Puget Sound Labor Agency,Puget Sound Labor Agency Food Bank,Open,Ready made bags at the back entrance,General Public,"1700 S 1st Ave, Seattle, WA 98134",47.5878987,-122.3337333,(206)-448-9277,http://www.pugetsoundlaboragency.org/food-bank.html,"Mon, Wed 
10:00 am -1:00 pm",08/20/2021 12:00:00 AM
Food Bank,Rainier Valley Food Bank,Rainier Valley Food Bank,Limited Operations,Home Delivery is full but there is an active waitlist: https://docs.google.com/forms/d/e/1FAIpQLSc2Z4-G8Frfb6W6jfcDxIgeqR4YX6zLnnnJj8jEhchU1sFGcA/viewform,General Public,"4205 Rainier Ave S, Seattle, WA 98118",47.5653236,-122.2889468,(206)-723-4105,http://www.rvfb.org/,"To-Go Food Bags for unhoused people:
Tues, Wed,Thurs,Fri, Sat:
9:30 am - 2:00 pm",08/20/2021 12:00:00 AM
Meal,Roots Young Adult Shelter,Roots Young Adult Shelter,Open,Meals to go - youth 13-24,Youth and Young Adults,"1415 Ne 43rd St , Seattle, WA 98105",47.6592588,-122.3124319,(206)-522-4366,http://www.rootsinfo.org/friday-feast-volunteer,"Fri
5:30 pm - 7:00 pm",08/20/2021 12:00:00 AM
Food Bank & Meal,Sacred Heart Church/SVDP Society,Queen Anne Food Bank and Meals,Open,"Meals: High protein sandwiches, yogurt, fruit, bread, pastries, and hot soups",General Public,"232 Warren Ave N Suite B, Seattle, WA 98109",47.6206989,-122.3537259,(206)-216-4102,http://www.sacredheartseattle.org/qafb,"Food Banks: 
Wed: Limited Home Delivery
Thurs: 2:00 pm - 4:00 pm      
                                      
Meals: 
Mon, Tues, Wed, Thurs, Fri:
8:30 am - 11:30 am",08/20/2021 12:00:00 AM
Food Bank & Meal,Salvation Army,Salvation Army Renton/Rotary Food Bank,Limited Operations,"Emergency food assistance for anyone living in the following zip codes: 98040, 98055, 98056, 98057, 98058, 98059, 98178",General Public,"206 South Tobin Street, Renton,  WA 98057",47.4842805,-122.2140148,(425)-255-5974,http://webmanager.salvationarmy.org/renton_corps/food-bank?random=492,"Mon, Tues,  Wed, Thurs
9:00 am - 11:30 am & 1:00 pm - 3:30 pm",08/20/2021 12:00:00 AM
Food Bank & Meal,Salvation Army,Salvation Army White Center,Limited Operations,"Food Bank: Bring something to transport food home in

Registration is required once per year to receive food. Please provide the following verification documents: Proof of income, verification of family size, proof of address and Photo ID.

Meals: Closed","Food Bank: General Public
Meals: Older Adults 60+ and Eligible Participants","9050 16th Avenue SW, Seattle, WA 98106",47.5215741,-122.3547065,(206)-767-3150,http://www.tsawhitecenter.org/help.html,"Food Bank:
Mon, Tues, Wed, Thurs, Fri:
General Public: 1:00 pm - 2:00 pm",08/20/2021 12:00:00 AM
Meal,Teen Feed,University Congregational Church,Open,Meals to go - youth 13-24,Youth and Young Adults,"4515 16th Ave NE, Seattle, WA 98105",47.6617835,-122.3111496,(206)-522-4366,http://www.teenfeed.org/programs/,"Sun, Mon, Tues, Wed, Thurs, Fri:
7:00 pm - 8:00 pm  

Sat:
6:30 pm - 7:30 pm",08/20/2021 12:00:00 AM
Food Bank,The Food Bank @ St. Mary's,The Food Bank @ St. Mary's,Open,"Open for on-site pickup. Waitlist for home delivery.
Please honor the 6 foot spaced chalk lines on the sidewalk for social distancing",General Public,"611 20th Ave S, Seattle, WA 98144",47.5972377,-122.3065791,(206)-324-7100,http://www.thefbsm.org/services,"Mon, Wed, Fri 
10:00 am - 1:00 pm",08/20/2021 12:00:00 AM
Food Bank,University District Service League,University District Food Bank,Open,"Pre-packaged grocery bags of perishable and non-perishable items during Food Bank hours.
Please bring photo ID on each visit.",General Public,"5017 Roosevelt Way NE, Seattle, WA 98105",47.6655387,-122.3178395,(206)-523-7060,http://www.udistrictfoodbank.org/,"Mon: 9:00 am - 2:45 pm
Tues: 11:00 am - 7:45 pm
Thurs: 11:00 am - 7:45 pm
Fri: 11:00 am - 3:45 pm",08/20/2021 12:00:00 AM
Food Bank,University District Service League,Magnuson Park Community Food Pantry,Limited Operations,Distributing boxes or bags that are packed based on guests' needs,General Public,"7101  62nd Ave NE, Seattle, WA 98115",47.6805765,-122.262898,(206)-523-7060,http://www.udistrictfoodbank.org/services/magnuson-park-community-food-pantry/,Wed: 11:00 am -2:00 pm,08/20/2021 12:00:00 AM
Food Bank,West Seattle Food Bank,West Seattle Food Bank,Open,Call first to ensure open: 206.932.9023,General Public,"3419 SW Morgan Street, Seattle, WA 98126",47.5444292,-122.3758291,(206)-932-9023,http://www.westseattlefoodbank.org/,"Tues 10:00 am - 2:00 pm
Wed: 12:00 pm - 7:00 pm
Thurs: 10:00 am - 2:00 pm
Fri: 10:00 am - 2:00 pm",08/20/2021 12:00:00 AM
Food Bank,White Center Food Bank,White Center Food Bank,Open,"Appointment required:
https://whitecenterfoodbank.secure.force.com/C501_Appointment_Schedule
or call: 206.762.2848

Bring ID  and proof of address.",General Public,"10829 8th Ave SW, Seattle, WA 98146",47.5054821,-122.3452308,(206)-762-2848,http://www.whitecenterfoodbank.org/service-hours,"Mon: 12:00 pm - 3:30 pm
Wed: 10:00 am - 1:30 pm
Fri: 10:00 am - 1:30 pm 

Age 60+: Thurs 10:00 am - 1:30 pm",08/20/2021 12:00:00 AM
Food Bank,Prison Scholar Fund,,Open,"Delivery of 24-lb grocery boxes, apples and lunch boxes to persons living in King County who were formerly incarcerated. Sign up using online form found on website.",Contact Agency for Any Eligibility Requirements,,47.669121,122.381152,,http://www.prisonscholars.org/food-boxes/,Not Specified,05/29/2020 12:00:00 AM
Meal,REACH Meal Coalition,,Open,grab & go meals,General Public,"300 Rainier Ave N, Renton, WA 98059",47.4873486,-122.217794,(425)-277-7582,http://www.reachrenton.org/reach-meal-coalition.html,"Mon, Tues, Wed, Thurs, Fri: 8:00 am - 10:00 am
Fri, Sat, Sun: 5:30 pm - 7:00 pm",06/09/2020 12:00:00 AM
Meal,Salvation Army of Renton Community Supper,,Limited Operations,"Required Documents. Photo I.D., Utility or phone bill with current address",General Public,"720 S Tobin St, Renton, WA 98057",47.4839337,-122.2072343,(425)-255-5974,,"Mon, Tues, Wed, Thurs
5:30 pm - 6:30 pm",06/09/2020 12:00:00 AM
Meal,Snoqualmie Valley Shelter Resource Center,American Legion Post,Open,"For those without transportation food & supply delivery available Sunday through Thursday from 9am-12pm anywhere in the Snoqualmie Valley & Preston. Call for assistance.

Also have free hot showers, laundry service, hygiene supplies, some camping supplies & clothing as well as support applying for food benefits and cell phones.",Contact Agency for Any Eligibility Requirements,"38625 SE River St, Snoqualmie, WA 98065",47.5266927,-121.8255624,(425)-773-2874,http://www.svshelterservices.org/resource-center.html,"Sun, Mon, Tues, Wed, Thurs:
1:00 pm - 4:00 pm",06/09/2020 12:00:00 AM
Meal,Tolt Congregational United Church of Christ,,Open,"Free Community Meals available for anyone. Pick up perishable food items, as they remain, available beginning at 4 PM on Wednesdays.

Little Free Pantry, outside of the church, is available to all, 24 x 7.",General Public,"4851 Tolt Ave, Carnation, WA 98014",47.6505667,-121.9128635,(425)-333-4254,http://toltucc.org/,Wed: 4:00 pm - 6:00 pm,06/09/2020 12:00:00 AM
Meal,Catholic Community Services of Western Washington & SPS,Tukwila Community Center,Open,"Limited Meals on Wheels Delivery for Tukwila Residents only. Call (206)-448-5767 to sign up.

Operation Meal Drop (ages 55+):
Call: 206-767-2321 or email ParksRec@TukwilaWa.gov",Contact Agency for Any Eligibility Requirements,"12424 42nd Ave S, Tukwila, WA 98168",47.4910151,-122.2785589,(206)-768-2822,http://www.tukwilawa.gov/departments/parks-and-recreation/,Please contact the agency for more information.,08/20/2021 12:00:00 AM
Meal,Community Lunch on Capitol Hill,Hot Meals Program Central Lutheran Church,Limited Operations,Contact agency for any eligibility requirements,General Public,"1710 11th Ave, Seattle, WA 98122",47.6168246,-122.3177102,(206)-972-2524,http://www.communitylunch.org/about-1,"Tue, Wed, Thurs, Fri:
12:00 pm - 1:00 pm",08/20/2021 12:00:00 AM
Meal,Community Lunch on Capitol Hill,All Pilgrims Christian Church,Open,Contact agency for any eligibility requirements,General Public,"500 Broadway E, Seattle, WA 98102",47.62336,-122.3203771,(206)-972-2524,http://www.communitylunch.org/about-1,"Mon, Tues, Wed, Thurs, Fri:
12:00 pm - 1:00 pm",08/20/2021 12:00:00 AM
Meal,Filipino Community of Seattle,Eritrean Association in Greater Seattle,Limited Operations,Please call ahead for availability,Older Adults 60+ and Eligible Participants,"1528 Valentine Pl S, Seattle, WA 98144",47.5888499,-122.3070989,(206)-722-9372,http://www.filcommsea.org/index.php/programs/,"Mon, Tues, Thurs:
11:30 am - 1:00 pm",08/20/2021 12:00:00 AM
Meal,Greater Maple Valley Community Center,Greater Maple Valley Community Center,Limited Operations,Please call ahead for availability,Older Adults 60+ and Eligible Participants,"22010 SE 248th St, Maple Valley, WA 98038",47.380747,-122.0477423,(425)-432-1272,http://www.maplevalleycc.org/,"To -go Meal: 
Mon, Wed, Fri: 12:00 pm -12:30 pm

Limited Delivery:
12:00 pm - 12:30 pm",08/20/2021 12:00:00 AM
Meal,Kent Seventh Day Adventist Church,Kent Seventh Day Adventist Church,Open,Distributing sack lunches.,General Public,"25213 116th AVE SE, Kent, WA 98030",47.3755391,-122.1875964,(253)-852-3883,http://www.kentsda.org/,"Sat:
4:30 pm - 5:00 pm",08/20/2021 12:00:00 AM
Meal,Korean Women's Association,Senior City,Limited Operations,Please call ahead for availability,Older Adults 60+ and Eligible Participants,"31635 23rd Ave S, Federal Way, WA 98003",47.3180788,-122.3043065,(253)-536-3020,http://www.kwacares.org/,"Mon, Wed, Fri;
10:00 am - 1:00 pm",08/20/2021 12:00:00 AM
Food Bank,Living Well Kent,Kent,Open,Disbributing  food vouchers to redeem at Ken's ethnic grocery stores. Please call (253) 227-3143 or email info@livingwellkent.org to make an appointment.,General Public,"24604 104th ave SE, Kent, WA 98030",47.3813694,-122.2015809,(425) 466-7018,http://www.livingwellkent.org,"Mon, Wed
12:00 pm - 2:00 pm",08/20/2021 12:00:00 AM
Meal,Mt. Si Senior Center,Mt. Si Senior Center,Limited Operations,"Call ahead to pre-register for a week's worth of lunches. 

For more information please call us at (425)-888-3434 ext. 0. If you get our voice mail please leave your name and phone number.",Older Adults 60+ and Eligible Participants,"411 Main Ave S, North Bend, WA 98045",47.4928162,-121.7885425,(425)-888-3434,http://www.mtsiseniorcenter.org/,Please contact the agency for more information.,08/20/2021 12:00:00 AM
Meal,Musang Community Kitchen,Musang Community Kitchen,Limited Operations,Please contact us to place order and confirm pick-up time so we can be prepared to meet you outside.,General Public,"2524 Beacon Ave S, Seattle, WA 98144",47.5803727,-122.3127166,(206)-708-6871,http://www.musangseattle.com/community-kitchen,"Mon, Tues:
12:00 pm - 4:00 pm",08/20/2021 12:00:00 AM
Meal,New Beginnings Christian Fellowship,New Beginnings Christian Fellowship,Open,Box lunch program,General Public,"19300 108th Ave SE, Kent, WA 98031",47.428904,-122.1954886,(425)-282-6220,http://thenbcf.org/,"Sat:
1:00 pm - 2:00 pm",08/20/2021 12:00:00 AM
Meal,Northwest SHARE,University Heights Center,Open,Free Vegetarian Food Truck,General Public,"5031 University Way NE, Seattle, WA 98105",47.666133,-122.3137458,(206)-527-4278,http://www.uheightscenter.org/coronavirus,"Wed, Fri, Sat, Sun 
6:00 pm - 8:00 pm",08/20/2021 12:00:00 AM
Food Bank & Meal,Redmond UMC,Open Kitchen,Limited Operations,Pre-packaged grocery bags for pick up,General Public,"16540 NE 80th St, Redmond, WA 98052",47.675118,-122.120025,(425)-883-7553,http://www.facebook.com/redmondchurch/,"Meal: 
Wed: 5:00 pm - 7:00 pm

Hopelink Mobile Food Bank: 
1st & 3rd Wed: 5:00 pm - 6:00 pm",08/20/2021 12:00:00 AM
Meal,Sound Generations,Renton Senior Center,Limited Operations,"Please call ahead for availability

The senior center's drop-in lunch program now features sack lunches. They will be available for drive through pick-up Monday through Friday from 11:30 a.m. to 12:00 p.m.",Older Adults 60+ and Eligible Participants,"211 Burnett Ave N, Renton, WA 98057",47.4861262,-122.2077373,(425)-430-6633,http://www.rentonwa.gov/cms/one.aspx?pageId=8715840,"Mon, Tues, Wed, Thurs, Fri:
11:30 am - 12:00 pm",08/20/2021 12:00:00 AM
Meal,Sound Generations,First Tongan Senior Association,Limited Operations,Please send an email to mailto:packersina@gmail.com for more information.,"Older Adults 60+ and Eligible Participants
Meal times by Pacific Asian Empowerment Program: Contact Agency for Any Eligibility Requirements at (206)-324-0236","9001 9th Ave SW, Seattle, WA 98106",47.5225031,-122.3471612,(206)-727-6248,http://www.soundgenerations.org/our-programs/food-security/community-dining/,"Tues:
10:00 am - 1:00 pm

Additional Meal times provided by Pacific Asian Empowerment Program:
Mon, Wed, Fri
10:00 am - 1:00 pm",08/20/2021 12:00:00 AM
Meal,Sound Generations,East African Senior Program (RBUFW),Limited Operations,Please call ahead for availability,Older Adults 60+ and Eligible Participants,"5513 S Cloverdale St, Seattle, WA 98118",47.5261434,-122.2624573,(206)-727-6248,http://www.soundgenerations.org/our-programs/food-security/community-dining/,Delivery only,08/20/2021 12:00:00 AM
Meal,Sound Generations,American Polynesian Organization and International Drop-In Center,Open,"Seniors 60+; or Spouse of senior, or any disabled adult.  Under 60? Please pay $10. Please call in advance.",Older Adults 60+ and Eligible Participants,"7301 Beacon Ave , Seattle, WA 98108",47.5364556,-122.2934033,(206)-727-6248,http://www.soundgenerations.org/our-programs/food-security/community-dining/,"Tues:
11:30 am - 12:00 pm",08/20/2021 12:00:00 AM
Meal,Sound Generations,Southeast Seattle Senior Center,Limited Operations,"Please call ahead for availability and ask for Jamie Clark.
Seniors 60+; or Spouse of senior, or any disabled adult.  Under 60? Please pay $10",Older Adults 60+ and Eligible Participants,"4655 South Holly Street, Seattle, WA 98118",47.5422737,-122.2729875,(206)-722-0317,http://www.soundgenerations.org/our-programs/food-security/community-dining/,"Mon, Tues, Wed, Thurs, Fri:
11:45 am - 12:30 pm",08/20/2021 12:00:00 AM
Meal,Sound Generations,Central Area Senior Center,Limited Operations,"Please call ahead for availability
Monday: Pickup Only
Tuesday - Friday: Pick up and Delivery (call ahead)
Limited delivery available",Older Adults 60+ and Eligible Participants,"500 30th Ave S, Seattle, WA 98144",47.597467,-122.2932771,(206)-726-4926,http://www.soundgenerations.org/our-programs/food-security/community-dining/,"Mon, Tues, Wed, Thurs, Fri:
12:00 pm - 1:00 pm",08/20/2021 12:00:00 AM
Meal,Sound Generations,Kawabe Memorial House,Limited Operations,Only providing meals to their residents at this time. Please make a reservation 2 days in advance by calling (206)-322-4550,Older Adults 60+ and Eligible Participants,"221 18th Ave S, Seattle, WA 98144",47.6003875,-122.3092827,(206)-322-4550,http://www.soundgenerations.org/our-programs/food-security/community-dining/,"Mon, Tues, Wed, Thurs, Fri:
11:00 am - 12:00 pm",08/20/2021 12:00:00 AM
Meal,Sound Generations,Sno-Valley Senior Center,Limited Operations,"Meals on Wheels available, and call the day before to order the next days meal",Older Adults 60+ and Eligible Participants,"4610 Stephens Ave, Carnation, WA 98014",47.6488782,-121.914727,(425)-333-4152,http://www.snovalleysenior.org/,"Mon, Tues, Wed, Thurs, Fri
12:00 pm - 12:45 pm",08/20/2021 12:00:00 AM
Meal,Sound Generations,Ballard NW Senior Center,Limited Operations,"Lunch takeout-pick up meals are to be picked up at the center front door on a first come first served basis, and delivery is available in the area on Tuesday and Thursdays",Older Adults 60+ and Eligible Participants,"5429 32nd NW, Seattle, WA 98017",47.6684176,-122.3987072,(206)-297-0403,http://www.soundgenerations.org/our-programs/food-security/community-dining/,"To-go Meals:
Mon, Tues, Wed, Thurs: 12:00 pm - 1:00 pm

Delivery: 
Tues & Thurs: 12:00 pm - 1:00 pm",08/20/2021 12:00:00 AM
Meal,Sound Generations,Greenwood Senior Center,Limited Operations,"Phinney Ridge also has meals at this site.
Please contact for requirements.
Seniors 60+; or Spouse of senior, or any disabled adult.  Under 60? Please pay $10",Older Adults 60+ and Eligible Participants,"525 N 85th Street, Seattle, WA 98103",47.6904002,-122.3509931,(206)-297-0875,http://www.soundgenerations.org/our-programs/food-security/community-dining/,"Greenwood Meals:
Wed, Fri:
12:00 pm - 12:45 pm

Phinney Ridge Meals:
Tues: 11:00 am - 1:00 pm
Tues: 4:00 pm - 6:00 pm",08/20/2021 12:00:00 AM
Meal,Sound Generations,Hunger Intervention Program - Lake City Community Ctr,Limited Operations,"To go lunches will be available in the Lake City Community Center parking lot.

Limited delivery available, and not on Tues. or Thurs.

Tuesday and Thursday meals provided by Bounce Back.",Older Adults 60+ and Eligible Participants,"12531 28th Ave NE, Seattle, WA 98125",47.7203524,-122.2981048,(206)-707-1865,http://www.soundgenerations.org/our-programs/food-security/community-dining/,"Mon, Wed, Fri
12:30 pm - 1:30 pm",08/20/2021 12:00:00 AM
Meal,Sound Generations,Shoreline Lake Forest Park Senior Center,Limited Operations,"Meals on Wheels, call Tuesday 9:00 am - 12:00 pm to order

To go or hot meals are available for pick up or delivery (delivery is limited)

For pick up or delivery call between 9:00 am - 9:30 am",Older Adults 60+ and Eligible Participants,"18560 1st Ave NE # 1, Shoreline, WA 98155",47.7656663,-122.3291856,(206)-365-1536,http://www.shorelinelfpseniorcenter.org/,"Mon, Tues, Wed, Thurs, Fri:
11:45 am - 12:15 pm",08/20/2021 12:00:00 AM
Meal,Sound Generations & SPS,Yesler Community Center,Limited Operations,"East African Senior Meal Program: Please call ahead for availability

Summer Food Program: Walk up for meals",Contact Agency for Any Eligibility Requirements,"917 E Yesler Way, Seattle, WA 98122",47.60151,-122.3202219,(206)-727-6248,http://www.soundgenerations.org/our-programs/food-security/community-dining/,"East African Senior Program:
Thurs, Sat:
11:45 am - 1:30 pm

Youth 18 and under Summer Food Program:
Mon, Tues, Wed, Thurs, Fri:
9:00 am - 12:00 pm
12:00 pm - 3:00 pm",08/20/2021 12:00:00 AM
Meal,Sound Generations & SPS,Northgate Community Center,Limited Operations,Please call ahead for availability,Contact Agency for Any Eligibility Requirements,"10510 5th Ave NE, Seattle, WA 98125",47.7054887,-122.3221733,(206)-727-6248,http://www.soundgenerations.org/our-programs/food-security/community-dining/,"Adults 60+: 
Tues
12:00 pm - 1:00 pm

Youth under 18 Summer Food:
Mon, Tues, Wed, Thurs, Fri:
9:00 am - 11:00 am 
12:00 pm - 3:00 pm",08/20/2021 12:00:00 AM
Meal,St. James Cathedral,Cathedral Kitchen,Limited Operations,"Dinner service is from 4:00 pm - 4:30 pm.
To-go meals are served or eat indoors with limited seating capacity. Guests may not arrive before 3pm, and may not stay on-site after receiving a meal.
Also serves breakfast from 7:00 am - 8:00 am on Sundays.",Contact Agency for Any Eligibility Requirements,"803 Terry Ave , Seattle, WA 98104",47.607646,-122.3259157,(206)-622-3559,http://www.stjames-cathedral.org/outreach/kitchen.aspx,"Sun:
7:00 am - 8:00 am

Mon, Tues, Wed, Thurs, Fri:
4:00 pm to 4:30 pm",08/20/2021 12:00:00 AM
Meal,St. Luke's Episcopal Church,Edible Hope Kitchen,Limited Operations,Offering breakfast in the morning. Please wear masks.,Contact Agency for Any Eligibility Requirements,"5710 22nd Ave NW, Seattle, WA 98107",47.6704008,-122.3844742,(206)-784-3119,http://www.stlukesseattle.org/,"Mon, Tues, Wed, Thurs, Fri:
9:00 am - 12:00 pm",08/20/2021 12:00:00 AM
Meal,The Interfaith Council to Prevent Homelessness (IFCH) Community Meals,Vashon Methodist Church,Limited Operations,Only for Vashon residents. Please do not contact if you do not live on Vashon Island. Grab-and-go meals are provided for those that are in need on Vashon.,Contact Agency for Any Eligibility Requirements,"17928 Vashon Hwy SW, Vashon, WA, 98070",47.444043,-122.4602001,(206)-643-5169,,"Sun, Mon, Tues, Wed, Thurs, Fri:
5:30 pm",08/20/2021 12:00:00 AM
Meal,Trinity Community Church,Hungry Soul Cafe,Limited Operations,Serving in-housing dining. Please wear a mask as you enter the building. Social distancing is a must. No showers available.,General Public,"3807 Reith Road, Kent, WA 98032",47.3692477,-122.2844903,(253)-852-1044,http://www.facebook.com/JesusatTrinity/,"Wed:
5:00 pm - 5:30 pm",08/20/2021 12:00:00 AM
Meal,Ukrainian Community Center,Ukrainian Community Center of WA - Federal Way,Limited Operations,Please call ahead for availability,Older Adults 60+ and Eligible Participants,"1430 S 330th St, Federal Way, WA 98003",47.3067079,-122.3154071,(425)-430-8229,http://uccwa.org/,"Thurs:
10:30 am - 2:00 pm",08/20/2021 12:00:00 AM
Meal,Ukrainian Community Center,Iraqi Community Center of Washington,Limited Operations,This information is for the work Iraqi Community Center is doing: Please contact them for home delivery needs,General Public,"11010 SE 248th St, Kent, WA 98030",47.3811974,-122.1937157,(253)-243-7744,http://uccwa.org/,Please contact for home delivery,08/20/2021 12:00:00 AM
Meal,Ukrainian Community Center,Ukrainian Community Center of WA - Seattle,Limited Operations,Delivers grocery bags to clients. Please call ahead for availability and eligibility requirements.,Older Adults 60+ and Eligible Participants,"13470 Martin Luther King Jr Way S #5210, Seattle, WA 98178",47.7240367,-122.3486525,(425)-430-8229,http://uccwa.org/,"Tues, Thurs:
10:30 am - 2:00 pm",08/20/2021 12:00:00 AM
Meal,United Indians of All Tribes Foundation (UIATF),UIATF Labatyeh Youth Home,Limited Operations,"Please call ahead if need assistance. 
Wednesday - 1  hot meal and 3 frozen meals delivered at one time
Fridays - food bank and grocery shopping assistance.
Services are for participants of the program but will not turn away someone that needs assistance.",Older Adults 60+ and Eligible Participants,"9010 13th Ave NW, Seattle, WA 98117",47.6946156,-122.3723726,(206)-285-4425,http://www.unitedindians.org/,"Wed:
10:00 am - 3:00 pm",08/20/2021 12:00:00 AM
Meal,Asian Counseling and Referral Service (ACRS),Kent Memorial Park (Nepali and Samoan Meal Program),Limited Operations,Home Delivery ONLY every 2 weeks through Meals on Wheels. Call (206)-448-3110 in advance to sign up.,Older Adults 60+ and Eligible Participants,"850 Central Avenue N, Kent, WA 98032",47.3901637,-122.2304706,(253)-856-5000,http://www.kentwa.gov/Home/Components/FacilityDirectory/FacilityDirectory/250/318,See Other Notes,08/20/2021 12:00:00 AM
Meal,Asian Counseling and Referral Service (ACRS),Duoc Su Senior Nutr. Program,Limited Operations,"Emergency Food and Meal Delivery: 
Call Jo Pullen: (206)-774-2420",Older Adults 60+ and Eligible Participants,"6924 42nd Ave S , Seattle, WA 98118",47.5400001,-122.2803173,(206)-695-7510,http://www.acrs.org/services/aging-services-for-older-adults/senior-lunch-programs/,See Other Notes,08/20/2021 12:00:00 AM
Meal,Asian Counseling and Referral Service (ACRS),Friendly Island of Tonga Seniors,Limited Operations,"Emergency Food and Meal Delivery: 
Call Jo Pullen: (206)-774-2420",Older Adults 60+ and Eligible Participants,"4620 SW Graham Street, Seattle, WA 98136",47.546979,-122.3922666,(206)-695-7510,http://www.acrs.org/services/aging-services-for-older-adults/senior-lunch-programs/,See Other Notes,08/20/2021 12:00:00 AM
Meal,Asian Counseling and Referral Service (ACRS),Laotian Senior Club,Limited Operations,"Emergency Food and Meal Delivery: 
Call Jo Pullen: (206)-774-2420",Older Adults 60+ and Eligible Participants,"5740 Martin Luther King Jr Way S, Seattle, WA 98118",47.5500465,-122.2871358,(206)-695-7510,http://www.acrs.org/services/aging-services-for-older-adults/senior-lunch-programs/,"Wed, Fri:
11:30 am - 1:00 pm",08/20/2021 12:00:00 AM
Meal,Asian Counseling and Referral Service (ACRS),Club Bamboo and Hmong Senior Club,Limited Operations,"Emergency Food and Meal Delivery: 
Call Jo Pullen: (206)-774-2420",Older Adults 60+ and Eligible Participants,"3639 Martin Luther King Jr Way S, Seattle, WA 98144",47.570897,-122.2973881,(206)-695-7510,http://www.acrs.org/services/aging-services-for-older-adults/senior-lunch-programs/,"Mon, Tue, Wed, Thurs, Fri:
11:30 am - 1:00 pm",08/20/2021 12:00:00 AM
Meal,Asian Counseling and Referral Service (ACRS),Seattle Korean Elders Assoc Center Park - SHA,Limited Operations,"Emergency Food and Meal Delivery: 
Call Jo Pullen: (206)-774-2420",Older Adults 60+ and Eligible Participants,"2121 26th Ave S, Seattle, WA 98144",47.5842083,-122.2996639,(206)-695-7510,http://www.acrs.org/services/aging-services-for-older-adults/senior-lunch-programs/,"Tue, Fri:
12:00 pm - 1:00 pm",08/20/2021 12:00:00 AM
Meal,Asian Counseling and Referral Service (ACRS),Vietnamese Senior Assoc. Garfield Community Center,Limited Operations,"Emergency Food and Meal Delivery: 
Call Jo Pullen: (206)-774-2420",Older Adults 60+ and Eligible Participants,"2323 E Cherry St, Seattle, WA 98112",47.6076951,-122.3021127,(206)-695-7510,http://www.acrs.org/services/aging-services-for-older-adults/senior-lunch-programs/,"Tue, Fri:
12:00 pm - 1:00 pm",08/20/2021 12:00:00 AM
Meal,Asian Counseling and Referral Service (ACRS),Korean Senior Club Miller Community Ctr,Limited Operations,"Emergency Food and Meal Delivery: 
Call Jo Pullen: (206)-774-2420",Older Adults 60+ and Eligible Participants,"330 19th Ave E, Seattle, WA 98122",47.6219158,-122.3069784,(206)-695-7510,http://www.acrs.org/services/aging-services-for-older-adults/senior-lunch-programs/,"Tue, Fri:
11:30 am - 1:00 pm",08/20/2021 12:00:00 AM
Meal,Aurora Commons,,Limited Operations,"Temporarily closed drop-in services and instead are offering meals, hygiene, clothing, and supplies through our front door and are allowing people to enter through the back door one at a time to use the restroom.",General Public,"8914 Aurora Ave N, Seattle, WA 98103",47.6938816,-122.3442384,(206)-299-2278,http://www.auroracommons.org/,"Mon, Tues, Wed, Thurs
10:00 am - 1:00 pm",08/20/2021 12:00:00 AM
Meal,Bread of Life Mission,,Limited Operations,"Hot meals, fresh fruit and drinks everyday in to go containers",General Public,"97 South Main Street, Seattle, WA 98104",47.5999268,-122.334605,(206)-682-3579,http://www.breadoflifemission.org/our-programs,"Mon, Tues, Wed, Thurs, Fri:
 12:15 pm - 1:00 pm and 7:00 - 7:45 pm",08/20/2021 12:00:00 AM
Meal,Catholic Community Services,Lazarus Center,Open,7 days a week,Contact Agency for Any Eligibility Requirements,"2329 Rainier Ave S, Seattle, WA 98144",47.5822614,-122.3015923,(206)-623-7219,http://www.ccsww.org/get-help/shelter-homeless-services/lazarus-center/,"Sun, Mon, Tues, Wed, Thurs, Fri, Sat:
Breakfast: 8:00 am - 9:00 am  
Lunch: 12:30 pm - 2:00 pm",08/20/2021 12:00:00 AM
Meal,Des Moines Area Food Bank,,Open,Grab'n'Go meals for kids and teens. Food does not need to be eaten on site and can be picked up by parents. 2 days of meals given on both Monday and Wednesday; weekend meals given on Friday. Meals distributed by door at lower level of Des Moines United Methodist Church,General Public,"22225 9th Ave S, Des Moines, WA  98198",47.4022373,-122.3246258,(206)-878-2660,http://www.myfoodbank.org/meals-for-kids.html,"Mon, Wed, Fri 
8:30 am - 12:15 pm",08/20/2021 12:00:00 AM
Meal,Des Moines Area Food Bank,Midway Park,Open,Grab'n'Go meals for kids and teens at 8 sites. Food does not need to be eaten on site and can be picked up by parents.,Youth and Young Adults,"S 221st St & 29th Ave S, Des Moines, WA 98198",47.4036369,-122.2982037,(206)-878-2660,http://www.myfoodbank.org/meals-for-kids.html,"Mon, Tues, Wed, Thurs, Fri:
12:30 pm - 12:50 pm",08/20/2021 12:00:00 AM
Meal,Des Moines Area Food Bank,Pine Ridge Apartments,Open,Grab'n'Go meals for kids and teens at 8 sites. Food does not need to be eaten on site and can be picked up by parents.,Youth and Young Adults,"3725 S 180th St, SeaTac, WA  98188",47.4409849,-122.2885294,(206)-878-2660,http://www.myfoodbank.org/meals-for-kids.html,"Mon, Tues, Wed, Thurs, Fri:
12:20-12:40 pm",08/20/2021 12:00:00 AM
Meal,Des Moines Area Food Bank,Willow Lake Apartments,Open,Grab'n'Go meals for kids and teens at 8 sites. Food does not need to be eaten on site and can be picked up by parents.,Youth and Young Adults,"3002 32nd Ave S, SeaTac, WA 98188",47.444696,-122.2941207,(206)-878-2660,http://www.myfoodbank.org/meals-for-kids.html,"Mon, Tues, Wed, Thurs, Fri:
12:00 pm - 12:15 pm",08/20/2021 12:00:00 AM
Meal,Des Moines Area Food Bank,Windsor Heights Apartments,Open,Grab'n'Go meals for kids and teens at 8 sites. Food does not need to be eaten on site and can be picked up by parents.,Youth and Young Adults,"17229 32nd Ave S, SeaTac, WA 98188",47.448479,-122.2956636,(206)-878-2660,http://www.myfoodbank.org/meals-for-kids.html,"Mon, Tues, Wed, Thurs, Fri:
12:00 pm - 12:10 pm",08/20/2021 12:00:00 AM
Meal,Des Moines Area Food Bank,Angle Lake Park,Open,Grab'n'Go meals for kids and teens at 8 sites. Food does not need to be eaten on site and can be picked up by parents.,Youth and Young Adults,"19408 International Blvd, SeaTac, WA 98188",,,(206)-878-2660,http://www.myfoodbank.org/meals-for-kids.html,"Mon, Tues, Wed, Thurs, Fri:
12:00 pm - 3:00 pm",08/20/2021 12:00:00 AM
Meal,Des Moines Area Food Bank,Des Moines Marina Farmers Market,Open,Grab'n'Go meals for kids and teens at 8 sites. Food does not need to be eaten on site and can be picked up by parents.,Youth and Young Adults,"22307 Dock Ave S, Des Moines, WA 98198",,,(206)-878-2660,http://www.myfoodbank.org/meals-for-kids.html,"Sat:
9:00 am - 2:00 pm",08/20/2021 12:00:00 AM
Meal,Des Moines Area Food Bank,McMicken Park,Open,Grab'n'Go meals for kids and teens at 8 sites. Food does not need to be eaten on site and can be picked up by parents.,Youth and Young Adults,"S 166th St & 37th Ave S, SeaTac, WA 98188",,,(206)-878-2660,http://www.myfoodbank.org/meals-for-kids.html,"Mon, Tues, Wed, Thurs, Fri:
11:30 am - 11:50 am",08/20/2021 12:00:00 AM
Meal,Des Moines Area Food Bank,Redondo Beach Park,Open,Grab'n'Go meals for kids and teens at 8 sites. Food does not need to be eaten on site and can be picked up by parents.,Youth and Young Adults,Redondo Beach Dr S and Redondo Way S,,,(206)-878-2660,http://www.myfoodbank.org/meals-for-kids.html,"Mon, Tues, Wed, Thurs, Fri:
1:00 pm - 2:30 pm",08/20/2021 12:00:00 AM
Meal,Federal Way Community Caregiving Network,Christian Faith Center,Limited Operations,"During this COVID 19 crisis, food is only being provided in lunch bags which is distributed outside.",General Public,"33645 20th Ave S, Federal Way, WA 98003",47.2987135,-122.3086459,(253)-661-0505,http://www.fwccn.org/services.html,"Mon:
5:30 pm - 6:30 pm",08/20/2021 12:00:00 AM
Meal,Federal Way Community Caregiving Network,Good Shepherd Community Supper,Limited Operations,"Early arrival (15-30 minutes) is recommended 
Distributing cold/shelf-stable no-cook meals
Distributing prepacked boxes or bags outside.",General Public,"345 S 312th St, Federal Way, WA 98003",47.3221136,-122.330177,(253)-661-0505,http://www.fwccn.org/services.html,"Sat:
1:30 pm - 2:30 pm",08/20/2021 12:00:00 AM
Meal,First Covenant Church,,Open,"Preparing hot breakfast sandwiches and bag lunches,  ask guests to line up 6 feet apart",Contact Agency for Any Eligibility Requirements,"400 E Pike St, Seattle, WA 98122",47.6142392,-122.3263239,(206)-322-7411,http://www.firstcovenantseattle.org/outreach,"Sat:
9:00 am - 9:30 am",08/20/2021 12:00:00 AM
Meal,First United Methodist Church of Seattle,,Limited Operations,"Reopened November 15, providing To-Go Meals only, from Denny Way entrance to church.",General Public,"180 Denny Way, Seattle, WA 98109",47.6188068,-122.3531962,(206)-622-7278,http://www.firstchurchseattle.org/shared-breakfast/?fbclid=IwAR2EAykPB90--700TuZeuY3aX18yx3tXkg9lbCW8qVghb3RgTCJJnwkB7wQ,"Sun:
7:30 am - 9:00 am",08/20/2021 12:00:00 AM
Meal,Food Not Bombs - Seattle,Occidental Park,Open,Free vegetarian meal,General Public,"Occidental Ave S and S Main St, Seattle, WA 98104",47.6000475,-122.3328885,(206)-397-6815,http://www.seattlefoodnotbombs.org/?fbclid=IwAR3T68e9asOm5ksmU_CuHK8ppZZir1QFQBRn_HbSvUCNvhDb7sGxeFXhr_g,"Sun:
4:30 pm - 7:00 pm",08/20/2021 12:00:00 AM
Meal,Food Not Bombs - Seattle,Prefontaine Place (by Pioneer Square Station),Open,Free vegetarian meal,General Public,"450 3rd Ave, Seattle, WA 98104",47.60264944,-122.3305588,(206)-397-6815,http://www.seattlefoodnotbombs.org/?fbclid=IwAR3T68e9asOm5ksmU_CuHK8ppZZir1QFQBRn_HbSvUCNvhDb7sGxeFXhr_g,"Sat:
4:30 pm - 6:30 pm",08/20/2021 12:00:00 AM
Meal,Frelard Tamales,,Limited Operations,Free grab and go meal for people economically impacted by Covid-19.,General Public,"6412 Latona Avenue NE, Seattle, WA 98115",47.6756763,-122.3252185,(206)-523-6654,http://www.frelardtamales.com/,"Mon, Tues, Wed, Thurs, Fri:
11:00 am - 8:00 pm
Sat, Sun:
10:00 am - 5:00 pm",08/20/2021 12:00:00 AM
Meal,Holy Spirit Church,Holy Spirit Church,Open,Boxed dinner,General Public,"318 3rd Ave S, Kent, WA 98032",47.3790708,-122.2357517,(253)-859-0444,http://www.holyspiritkent.org/,Tues: 6:30 pm - 7:00 pm,08/20/2021 12:00:00 AM
Meal,Hunger Intervention Program,Cedarvale Village,Open,"Summer program ends 8/27
Site provides free take home meals for kids and teens 18 and younger. A weeks' supply of breakfasts available on Mondays. Free meals also available for parents.",Youth and Young Adults,"11050 8th Ave NE, Seattle, WA 98125",47.710233,-122.3201755,(206)-538-6567,http://www.hungerintervention.org/,"Mon, Tues, Wed, Thurs, Fri:
12:00 pm - 12:30 pm",08/20/2021 12:00:00 AM
Meal,Hunger Intervention Program,Bella-B Mobile Park Home,Open,"Summer program ends 8/27
Site provides free take home meals for kids and teens 18 and younger. A weeks' supply of breakfasts available on Mondays. Free meals also available for parents.",Youth and Young Adults,"1333 North 125th St, Seattle, WA 98133",47.718835,-122.340947,(206)-538-6567,http://www.hungerintervention.org/,"Mon, Tues, Wed, Thurs, Fri:
12:00 pm- 12:30 pm",08/20/2021 12:00:00 AM
Meal,Hunger Intervention Program,Lake City Court,Open,"Summer program ends 8/27
Site provides free take home meals for kids and teens 18 and younger. A weeks' supply of breakfasts available on Mondays. Free meals also available for parents.",Youth and Young Adults,"12526 33rd Ave NE, Seattle, WA 98125",47.720291,-122.291805,(206)-538-6567,http://www.hungerintervention.org/,"Mon, Tues, Wed, Thurs, Fri:
1:00 pm - 1:30 pm",08/20/2021 12:00:00 AM
Meal,Hunger Intervention Program,Jackson Park Community Building,Open,"Summer program ends 8/27
Site provides free take home meals for kids and teens 18 and younger. A weeks' supply of breakfasts available on Mondays. Free meals also available for parents.",Youth and Young Adults,"14374 30th Ave NE, Seattle, WA 98125",47.733508,-122.29595,(206)-538-6567,http://www.hungerintervention.org/,"Mon, Tues, Wed, Thurs, Fri:
1:00 pm - 1:30 pm",08/20/2021 12:00:00 AM
Meal,Hunger Intervention Program,Paramount School Park,Open,"Summer program ends 8/27
Site provides free take home meals for kids and teens 18 and younger. A weeks' supply of breakfasts available on Mondays. Free meals also available for parents.",Youth and Young Adults,"15300 8th Ave NE, Shoreline, WA 98155",47.7402967,-122.319751,(206)-538-6567,http://www.hungerintervention.org/,"Mon, Tues, Wed, Thurs, Fri:
11:30 am - 12:30 pm",08/20/2021 12:00:00 AM
Meal,Hunger Intervention Program,KCLS Library (Shoreline Branch),Open,"Summer program ends 8/27
Site provides free take home meals for kids and teens 18 and younger. A weeks' supply of breakfasts available on Mondays. Free meals also available for parents.",Youth and Young Adults,"345 NE 175th St, Shoreline, WA 98155",47.7555883,-122.3248143,(206)-538-6567,http://www.hungerintervention.org/,"Mon, Tues, Wed, Thurs, Fri:
1:00 pm - 2:00 pm",08/20/2021 12:00:00 AM
Meal,Hunger Intervention Program,North City Elementary School,Open,"Summer program ends 8/27
Site provides free take home meals for kids and teens 18 and younger. A weeks' supply of breakfasts available on Mondays. Free meals also available for parents.",Youth and Young Adults,"816 NE 190th St, Shoreline, WA 98155",47.767272,-122.3208429,(206)-538-6567,http://www.hungerintervention.org/,"Mon, Tues, Wed, Thurs, Fri:
11:30 am - 12:30 pm",08/20/2021 12:00:00 AM
Meal,Hunger Intervention Program,Farmers Market at Lake City Community Center,Open,Site provides free take home meals for kids and teens 18 and younger. Free meals also available for parents.,Youth and Young Adults,"12531 28th Ave NE, Seattle, WA 98125",,,(206)-538-6567,http://www.hungerintervention.org/,"Thurs:
3:30 pm - 6:30 pm (7/1-8/27 only)",08/20/2021 12:00:00 AM
Meal,"Operation Sack Lunch, Inc.",Uplift Northwest (formerly Millionair Club),Open,,General Public,"2515 Western Ave, Seattle, WA 98121",47.6140051,-122.3503064,(206)-922-2015,http://www.oslserves.org/,"Mon, Tues, Wed, Thurs, Fri:
8:00 am -9:00 am
12:30 pm -2:00 pm
5:00 pm - 6:30 pm
Sat & Sun (can vary so call):
10:00 am - 11:00 am
12:30 pm - 2:00 pm
5:00 pm - 6:30 pm",08/20/2021 12:00:00 AM
Meal,Recovery Café,Main site,Limited Operations,Contact agency for any eligibility requirements,Contact Agency for Any Eligibility Requirements,"2022 Boren Ave, Seattle, WA 98121",47.618348,-122.3346308,(206)-374-8731,http://www.recoverycafe.org/,"Mon, Tues, Wed, Thurs, Fri, Sat:
12:30 pm - 2:30 pm
Sun: 10:30 am - 12:30 pm",08/20/2021 12:00:00 AM
Meal,ROOTS,Friday Feast,Limited Operations,"Contact agency for any eligibility requirements.
Friday Feast is hosted by Chapel on The Ave Fridays 5:30-7:00PM. To-Go meals served from the alley entrance behind the church. From the corner of 42nd and University Way, head east toward UW Campus. Take a right into the alley near Orange King and the Chapel garage will be on your right near a large gate.",General Public,"1415 NE 43rd St, Seattle, WA 98105",47.6592588,-122.3124319,(206)-632-1635,http://www.rootsinfo.org/,Fri: 5:30 pm -7:00 pm,08/20/2021 12:00:00 AM
Food Bank,Tilth  Alliance Market Program,South Seattle  - Rainier Beach,Open,"Our pay-what-you-can farm stand supports our goal of ensuring that everyone in the community has fair, equal, and dignified access to local, fresh, seasonal, organic, and sustainably-grown food. We offer those in need up to $20 of produce at no-cost per visit. Donations are encouraged for produce, but no one is turned away for inability to pay. We accept cash, credit, EBT, Fresh Bucks and offer SNAP Market Match. Open for 2021 season June 17-September 30.",General Public,"5513 S Cloverdale St, Seattle, WA 98118",47.5261434,-122.2624573,,http://tilthalliance.square.site/,"Thur:
2:00 pm -7:00 pm",08/20/2021 12:00:00 AM
Food Bank & Meal,Asian Counseling and Referral Service (ACRS),ACRS Food Bank and Meals,Limited Operations,Emergency Food and Meal Delivery: Call Jo Pullen (206)-774-2420,General Public,"919 S King St, Seattle, WA 98104",47.5982137,-122.320193,(206)-774-2420,http://www.acrs.org/services/aging-services-for-older-adults/acrs-food-bank/,Wed and Fri: 11:30 am - 1:00 pm,08/20/2021 12:00:00 AM
Meal,Atrium Kitchen,,Open,,Contact Agency for Any Eligibility Requirements,"93 Pike St, Seattle, WA 98101",47.608632,-122.3401409,(206)-829-9525,http://www.atriumkitchenpikeplace.com/,First Wed of Month: 11:30 am - 1:00 pm,08/20/2021 12:00:00 AM
Food Bank & Meal,Catholic Community Services of Western Washington,Federal Way Senior Center -  Latino Program,Limited Operations,Distributing prepacked boxes or bags,Older Adults 60+ and Eligible Participants,"4016 S 352nd St, Auburn, WA 98001",47.2868994,-122.2841789,(253)-838-3604,http://www.federalwayseniorcenter.org/,"Mon, Thurs:
9:00 am - 12:00 pm",08/20/2021 12:00:00 AM
Food Bank & Meal,Catholic Community Services of Western Washington,Black Diamond Community and Senior Center,Limited Operations,"Food Bank: The front doors are locked to minimize foot traffic: please knock or call when you arrive

Meals: Take out only, please call to order a meal the day before 360-886-1011.",Older Adults 60+ and Eligible Participants,"31605 3rd Ave, Black Diamond, WA 98010",47.3183476,-122.0054494,(360)-886-1011,http://www.blackdiamondcommcenter.org/,"Food Bank:
Mon, Wed:
10:00 am - 3:00 pm

To-go Meal:
Tues, Thurs:
12:00 pm",08/20/2021 12:00:00 AM
Meal,Catholic Community Services of Western Washington,Peter Kirk Community Center,Limited Operations,Foodbank box for Kirkland residents ONLY. Call (425)-207-4777,Older Adults 60+ and Eligible Participants,"352 Kirkland Ave, Kirkland, WA 98033",47.67621,-122.201035,(425)-587-3360,http://www.kirklandwa.gov/depart/parks/About_Parks_and_Community_Services/Senior_Services.htm,"Tues, Wed, Fri
12:00 pm",08/20/2021 12:00:00 AM
Food Bank & Meal,Catholic Community Services of Western Washington/Enumclaw Food Bank,Enumclaw Senior Center/Plateau Ministries,Limited Operations,"Only delivering meals on Tuesdays Each delivery contains 7 frozen meals Please call ahead.

Instead of our usual ‘grocery store style’ shopping experience, we have set up a ‘drive-through’ (or walk through) operation. Customers can drive or walk through the alley and we will hand them a pre-packed allotment of food.",Contact Agency for Any Eligibility Requirements,"1350 Cole St, Enumclaw, WA 98022",47.2020157,-121.991691,(360)-825-6188,http://www.plateauoutreach.org/,"Meals: Delivery and To-go Only
Tues: 11:00 am - 1:00 pm

Food Bank:
Wed: 9:00 am - 12:00 pm 

Emergency Food/Meals:
Mon, Tues, Wed, Thurs, Fri, Sat:
10:00 am - 3:00 pm",08/20/2021 12:00:00 AM
Food Bank,Cedar Park Northshore Church,Kenmore Food Bank,Limited Operations,,General Public,"18737 68th Ave NE, Kenmore, WA 98028",47.765377,-122.2498724,(425)-939-1377,http://cpnorthshore.com/food-bank/,Mon: 6:00 pm - 7:00 pm,08/20/2021 12:00:00 AM
Food Bank,Des Moines Area Food Bank,Des Moines United Methodist Church,Open,"For those who need help in the cities of Des Moines, most of SeaTac, and the West Hill of Kent, Washington.

Families can visit once a month and receive a mix of canned, fresh, and frozen food.",General Public,"22225 9th Avenue South, Des Moines, WA 98198",47.4022373,-122.3224371,(206)-878-2660,http://www.myfoodbank.org/,"Mon, Wed, Fri:
Age 60+: 8:30 am - 9:00 am
9:00 am - 11:45 am

Every 3rd Tues: 
6:00 pm - 8:00 pm",08/20/2021 12:00:00 AM
Food Bank & Meal,El Centro de la Raza,El Centro de la Raza,Limited Operations,"Food Bank: Note specific Senior Times and visit one time a week

Meals: Please call ahead limited bag lunches available","Food Bank: General Public
Meals: Older Adults 60+ and Eligible Participants","2524 16th Ave S, Seattle, WA 98144",47.5805157,-122.3113797,(206)-957-4605,https://www.elcentrodelaraza.org/get-help/human-emergency-services/food-bank/,"Food Bank:
Wed: (Seniors and mobility limited individuals ONLY): 3:30  pm - 6:30 pm
Thurs: 10:00 am - 12:00 pm & 2:00 pm - 4:00 pm
Fri: 10:00 am - 12:00 pm & 2:00 pm - 4:00 pm

Meal Program:
Mon, Tues, Wed, Thurs, Fri:
11:00 am - 12:30 pm",08/20/2021 12:00:00 AM
Food Bank & Meal,Filipino Community of Seattle,Filipino Community of Seattle Meals and Food Bank,Limited Operations,"Lunch and packed food items are delivered to homes of seniors and their families or are made available through curbside pickup at the Filipino Community Center.

Senior Lunch Program participants must call ONE DAY AHEAD in order to reserve a lunch and/or food bank bag to pick up. This change does not apply to those who have their lunches delivered. 

If you know any seniors needing food in this time of crisis, please call 206-280-8406.","Food Banks: General Public
Meals: Older Adults 60+ and Eligible Participants","5740 Martin Luther King Jr Way S, Seattle, WA 98144",47.5500465,-122.2871358,(206)-722-9372,http://filcommsea.org/index.php/programs/senior-lunch-program/,"Food Bank:
Mon, Tues, Thurs:
11:30 am -1:00 pm

Meals:
Mon, Tues Thurs: 11:30 am - 1:00 pm",08/20/2021 12:00:00 AM
Food Bank & Meal,Lifelong,Chicken Soup Brigade,Limited Operations,Delivery drivers will no longer enter client homes and are staying a safe distance from clients,Contact Agency for Any Eligibility Requirements,"1161 11th Ave, Seattle, WA 98122",47.6127314,-122.3184037,(206)-957-1686,http://www.lifelong.org/chicken-soup-brigade,Home Delivery only,08/20/2021 12:00:00 AM
Food Bank & Meal,Messiah Lutheran Church,Auburn,Open,"Wednesday Food Bank (9-10am), Sunday Community Grab and Go Meal (2-3pm)",General Public,"410 H St  NE Auburn, WA 98002",47.3116212,-122.2190892,(253)-833-5280,http://mlcauburn.org/events/month/,"Wed: 9:00 am -10:00 am
Sun: 2:00 pm -3:00 pm",02/18/2021 12:00:00 AM
Food Bank,Northwest Harvest,SODO Community Market,Open,"If you are in need of food but feel uncomfortable waiting in line, we are now offering curbside pickup services. Please drive up to the front of our building and call 206-380-0277. Let our staff member know which car is yours, and we will then deliver a bag of pre-packed groceries to your car.",General Public,"1915 4th Ave S, Seattle, WA 98134",47.5855714,-122.3295651,(206)-380-0277,http://www.northwestharvest.org/sodo-community-market?gclid=CjwKCAjwguzzBRBiEiwAgU0FT2oeYOjgOqT-nfdpq8cCoSR-ynhQyJnFA4Xuzmhtt749Xzpz19jAZRoCaTUQAvD_BwE,"Mon: 1:30 pm - 7:30 pm
Wed: 8:00 am - 2:00 pm
Fri: 8:00 am - 2:00 pm",08/20/2021 12:00:00 AM
Food Bank,Overcomer Covenant Church,Auburn,Open,"Drive-thru grocery pick up. In addition to providing free groceries on a weekly basis, families get diapers and baby formula, household furniture, etc. may also be available.",General Public,"33415 Military Rd S, Auburn, WA 98001",47.3011166,-122.2763197,(253)-886-5700,http://overcomercc.org,Fri: 3:00 pm - 5:00 pm,08/20/2021 12:00:00 AM
Meal,Phinney Neighborhood Association,St. John United Lutheran Church,Open,"No eligibility requirements,
To go prepared meals",General Public,"5515 Phinney Ave N, Seattle, WA 98103",47.6688384,-122.354731,(206)-783-2244,http://www.phinneycenter.org/hotmeal/,"Tues: 4:00 pm - 6:00 pm
Wed: 11:00 am - 1:00 pm",08/20/2021 12:00:00 AM
Meal,Phinney Neighborhood Association,Hot Meals Program Greenwood Senior Center,Open,"No eligibility requirements,
To go prepared meals",General Public,"525 N 85th St, Seattle, WA 98103",47.6904002,-122.3509931,(206)-297-0875,http://www.phinneycenter.org/hotmeal/,Greenwood -  Mon: 4:00 pm - 6:00 pm                                    Phinney Ridge - Tues: 4:00 pm - 6:00 pm; Wed: 11 am - 1 pm,08/20/2021 12:00:00 AM
Food Bank,Phinney Ridge Lutheran Church,Phinney Ridge Food Bank,Open,,General Public,"7500 Greenwood Ave N, Seattle, WA 98103",47.6835063,-122.3547797,(206)-783-2350,http://prlc.org/phinney-ridge-lutheran-church-food-bank,"Tues: 1:15 pm - 3:00 pm
Wed: 6:15 pm - 8:00 pm",08/20/2021 12:00:00 AM
Food Bank & Meal,Pike Market Senior Center,"Pike Market Food Bank, Meals and Home Delivery (located in Pike Place Market)",Limited Operations,"Food Banks: Pre-packaged grocery bags pick up out front for social distancing.

Meals: Please call ahead for availability

Dinner is handed out with lunch.","Food Banks: Contact Agency for Any Eligibility Requirements
Meals: Older Adults 55+ and Eligible Participants","85 Pike Street, Seattle, WA 98101",47.6084268,-122.3405616,(206)-728-2773,http://www.pmsc-fb.org/,"Food Bank: 
Tues: 9:30 am - 3:00 pm
Wed: 3:00 pm - 7:00 pm
Thurs: 9:30 am - 3:00 pm

Meals:
Sun, Mon, Tues, Wed, Thurs, Fri, Sat: 
8:15 am - 9:00 am & 12:00 pm - 1:00 pm",08/20/2021 12:00:00 AM
Food Bank,Plant Based Food Share,Federal Way,Open,Plant Based Food Box Program at Good Shepherd Episcopal Church. All families must pre register every week.  Home Delivery or pick up available. Please look on website for further instructions and changes to pickup times,Contact Agency for Any Eligibility Requirements,"345 S 312th St, Federal Way, WA 98003",47.322026,-122.3303291,(971)-245-2907‬,http://www.plantbasedfoodshare.org,Sun: 12:00 pm - 2:00 pm,08/20/2021 12:00:00 AM
Food Bank,Plant Based Food Share,Seattle,Open,Plant Based Food Box Program - A weeks of fresh food for families to prepare together . All families must pre register every week. Delivery or pick up available. Please look on website for further instructions and changes to pickup times.,Contact Agency for Any Eligibility Requirements,"7148 Martin Luther King Jr Way S, Seattle, WA 98118",47.5374953,-122.2809353,(971)-245-2907‬,http://www.plantbasedfoodshare.org,"Mon, Sun: 12:00 pm - 1:45 pm",08/20/2021 12:00:00 AM
Food Bank,Rainier Valley Food Bank,Rainier Valley,Open,Food delivery and to-go food bag for persons without access to a kitchen and in need of pre-prepared foods. Must sign up on the waitlist for food delivery: docs.google.com/forms/d/e/1FAIpQLSc2Z4-G8Frfb6W6jfcDxIgeqR4YX6zLnnnJj8jEhchU1sFGcA/viewform,General Public,"4205 Rainier Ave S
Seattle, WA 98118",47.56538233,-122.2888973,(206)-723-4105,http://www.rvfb.org/what-we-do/,"Wed: 10:00 am - 1:00 pm
Sat: 9:30 am - 2:00 pm",08/20/2021 12:00:00 AM
Food Bank & Meal,Seattle Indian Center,Emergency Meals and Food Bank,Open,"Food Bank: Bring local ID
Meals: Please call ahead for availability",General Public,"1265 S Main St, Seattle, WA 98144",47.599789,-122.3144483,(206)-329-8700,http://www.seattleindian.org/services/food-security-programs/,"Food Bank:
Tues: 1:00 pm - 3:00 pm
Thurs: 1:00 pm - 3:00 pm

Meals:
Mon, Tues, Wed, Thurs, Fri:
8:30 am - 9:30 am
12:00 pm - 1:15 pm",08/20/2021 12:00:00 AM
Food Bank,Society of St Vincent de Paul Council,Georgetown Food Bank,Limited Operations,Pre-packaged grocery bags of perishable and non-perishable items can be picked up out front. Clothing and hygiene items available upon request.,General Public,"5972 4th Ave S, Seattle, WA 98108",47.5486194,-122.3291318,(206)-686-5260,http://www.svdpseattle.org/get-help/food-bank/,"Tues: 11:00 am - 2:00 pm
Thurs: 11:00 am - 2:00 pm
Fri: 11:00 am - 2:00 pm",08/20/2021 12:00:00 AM
Food Bank & Meal,Sound Generations,South Park Senior Center,Limited Operations,"Please call ahead for availability and please visit the website for virtual activities www.spseniors.org

For Food Bank Home Delivery by Providence Regina House call (206)-763-9204.","Meals: Older Adults 60+ and Eligible Participants

Food Bank by Providence Regina House: Contact Agency for Any Eligibility Requirements at (206)-763-9204","8201 10th Ave S, Seattle, WA 98108",47.5296153,-122.320528,(206)-727-6248,http://www.soundgenerations.org/our-programs/food-security/community-dining/,"Call for meal information

Food Bank available by Providence Regina House:
Thurs: 12:30 pm - 2:00 pm
Sat: 9:00 am - 12:00 pm",08/20/2021 12:00:00 AM
Food Bank & Meal,Sound Generations,West Seattle Senior Center,Limited Operations,Meals and food bags are also being delivered to seniors in their homes--call (206)-932-4044 ext. 1,Older Adults 60+ and Eligible Participants,"4217 SW Oregon St, Seattle, WA 98116",47.5626975,-122.3864553,(206)-727-6248,http://sc-ws.org/services/food-and-dining/,"Food Bank:
Tues: 9:00 am

Meals (sack lunches): 
Mon, Tues, Wed, Thurs:
11:45 am - 12:30 pm",08/20/2021 12:00:00 AM
Food Bank & Meal,Sound Generations,Northshore Senior Center,Limited Operations,Please call ahead for availability,Older Adults 60+ and Eligible Participants,"10201 E Riverside Dr, Bothell, WA 98011",47.7560448,-122.2026247,(425)-487-2441,http://www.northshoreseniorcenter.org/programs-services/,"Pop Up Pantry:
Tues: 9:00 am - 12:00 pm
Thurs: 3:00 pm - 6:00 pm
Sat: 9:00 am - 12:00 pm

Hopelink Mobile Market:
1st Thurs: 5:00 pm - 8:00 pm

Meals:
Mon, Tues, Wed, Thurs, Fri
11:45 am - 12:15 pm",08/20/2021 12:00:00 AM
Meal,St. James Cathedral,Sunday Breakfast,Limited Operations,"To-go only; guests may not arrive before 7am, and may not stay on-site after receiving a meal",Contact Agency for Any Eligibility Requirements,"907 Columbia St , Seattle, WA 98104",47.6069023,-122.3255728,(206)-622-3559,http://www.stjames-cathedral.org/outreach/kitchen.aspx,"Sun: 7:00 am - 8:00 am                                    
Mon - Fri: 4:15 pm - 6:30 pm",08/20/2021 12:00:00 AM
Meal,Tukwila Parks & Recreation,,Open,"FREE delivery of up to seven frozen meals each Wednesday during the Covid-19 Stay Home, Stay Safe mandate. Halal meals available. For seniors 60 and older
-Residents have about 15 meal choices and can get 7 meals per person per week
-Staff will call residents on Monday's to get their orders
-If we think residents can qualify for the regular Meals on Wheels program, we try to get them signed up for that program.",Older Adults 60+ and Eligible Participants,"12424 42nd Avenue South, Tukwila, WA 98168",47.491773,122.279205,(206)-767-2321,http://www.tukwilablog.com/2020/04/10/tukwila-parks-rec-offering-free-deliveries-of-meals-to-seniors/,Delivery Wed: 10:30 am - 12:00 pm,08/20/2021 12:00:00 AM
Food Bank,Urban Fresh Food Collective of South Park,South Park,Open,The Urban Fresh Food Collective also hosts a weekly free market (El Mercadito),General Public,"1249 S Cloverdale St, Seattle, WA 98108",47.5263392,-122.3154219,,http://www.urbanfreshfoodcollective.org/el-mercadito,Thurs: 10:30 am - 12:00 pm,08/20/2021 12:00:00 AM
Meal,Urban Fresh Food Collective of South Park,South Park Community Center,Open,Phone number listed accepts texts in English and Spanish,General Public,"8319 8th Ave S, Seattle, WA 98108",47.5284221,-122.3240431,(206)-809-9691,http://www.urbanfreshfoodcollective.org/covid19,"Mon, Wed and Thurs: 3:00 pm - 4:30 pm",08/20/2021 12:00:00 AM
Meal,YMCA of Greater Seattle - University Family,,Limited Operations,"Y branches are closed but housing, shelter, and counseling services continuing w/ social distancing practices",Contact Agency for Any Eligibility Requirements,"5003 12th Ave NE, Seattle, WA 98105",47.6653128,-122.3155223,(206)-524-1400,http://www.seattleymca.org/locations/university-family-ymca/staff-and-board,Please contact the agency for more information.,08/20/2021 12:00:00 AM
Meal,YouthCare,Orion Center,Open,The drop in center has also converted into an overnight shelter during the stay-at-home order,Youth and Young Adults,"1828 Yale Ave, Seattle, WA 98101",47.6182683,-122.3305192,(206)-622-5555,http://www.youthcare.org/homeless-youth-services/engagement-services/youthcares-orion-center/,"Mon, Tue, Wed, Thurs, Fri: 8:30 am - 9:00 am
Mon, Tue, Wed, Thurs, Fri: 12:30 pm - 1:00 pm
Mon, Wed, Thurs, Fri: 6:00 pm - 6:30 pm
Sat: 11:00 am - 1:00 pm (Brunch)",08/20/2021 12:00:00 AM
Meal,YouthCare,U-District Youth Center,Limited Operations,"Only offers day services and is too small to support an overnight shelter UDYC has partnered with ROOTS Young Adult Shelter, University Congregational Church, and Teen Feed in the University District so that young people can have consistent meals and additional activity space during the day and shelter at night",Youth and Young Adults,"4516 15th Ave NE, Seattle, WA 98105",47.661853,-122.311609,(206)-622-5555,http://www.youthcare.org/get-help/,"Mon: 10:00 am - 2:00 pm
Tue: 12:00 pm - 3:00 pm
Wed: 10:00 am - 2:00 pm
Thurs: 10:00 am - 2:00 pm
Sun: 10:00 am - 2:00 pm",08/20/2021 12:00:00 AM
Food Bank,YWCA,Central Area Food Bank,Limited Operations,Email nhilton@ywcaworksorg to sign up for home delivery that occurs Wednesdays,General Public,"2820 E Cherry Street, Seattle, WA 98122",47.608328,-122.2958409,(206)-375-1496,http://www.ywcaworks.org/programs/central-area-food-bank,"Wed:
12:00 pm - 3:00 pm",08/20/2021 12:00:00 AM
Meal,,Lake City Community Center/Lamb of God Church,Limited Operations,Site provides free take home meals for kids and teens 18 and younger. A weeks' supply of breakfasts available on Mondays. Free meals also available for parents. Call: (206)-538-6567 for more information.,Youth and Young Adults,"12531 28th Ave NE, Seattle, WA 98125",47.7203524,-122.2981048,(206)-538-6567,http://www.hungerintervention.org/,"Senior To-go Meal:
Mon, Wed, Fri: 12:30 pm - 1:30 pm",08/20/2021 12:00:00 AM
Food Bank,Algona/Pacific Food Pantry,,Open,Distributing prepacked boxes or bags,General Public,"603 3rd Ave SE, Pacific, WA 98047",47.265011,-122.236771,(253)-351-0450,http://networks.whyhunger.org/organization/view/28396,"Tues:
10:00 am - 1:00 pm",08/27/2021 12:00:00 AM
Food Bank,Auburn Food Bank,,Limited Operations,"Serves residents of residents of Auburn School District; proof of address and ID required.

Curbside/car drop off for existing clients; if new client, application will need to be filled out quickly inside.",General Public,"930 18th Place NE, Auburn, WA 98002",47.323724,-122.218286,(253)-833-8925,http://www.theauburnfoodbank.org/,"Mon, Tues, Thurs, Fri:
9:00 am - 1:00 pm
Second Wed of each month:
4:30 pm - 6:15 pm",08/27/2021 12:00:00 AM
Food Bank,Epic Church,The Giving Room,Open,Food bank services will remain open,General Public,"10510 Stone Ave N, Seattle, WA 98133",47.7052676,-122.3416573,(206)-552-9586,http://www.epiclifechurch.org/incarnational-ministry,Mon: 9:30 am - 12:45 pm,08/27/2021 12:00:00 AM
Food Bank,Fall City Community Food Pantry,Fall City United Methodist Church,Limited Operations,,General Public,"4326 337th Place Southeast, Fall City, WA 98024",47.5662398,-121.8906809,(425)-269-8098,http://www.fallcityfoodpantry.org/,"First and Third Wed of each month:
12:00 pm - 1:30 pm and 6:30 pm - 7:30 pm

School Weekend Backpack pick ups by Snoqualmie Valley Food Bank:
Fri: 10:00 am - 12:00 pm",08/27/2021 12:00:00 AM
Food Bank,Federal Way Food Bank,MultiService Center,Open,"Food bank available to Federal Way School District residents regardless of income.

Food will be distributed in pre-prepared boxes at a marked distribution point during regular food bank hours.

The Clothing Bank will be closed.",General Public,"1200 S 336th St, Federal Way, WA 98003",47.3013527,-122.320142,(253)-838-6810,http://mschelps.org/gethelp/food/,"Mon, Wed, Fri:
9:30 am - 2:00 pm 

Thurs for 55+ only:
11:00 am -1:00 pm

Fourth (4th) Thurs of the Month:
5:00 pm - 6:00 pm

Closed Federal Holidays",08/27/2021 12:00:00 AM
Food Bank,Help Northwest,,Limited Operations,Food and clothing bank,General Public,"404 22nd St SE, Auburn, WA 98002",47.2883898,-122.2238173,(206)-227-5977,http://www.helpnorthwest.com/1401.html,"Mon, Tues, Wed, Thurs, Fri:
1:00 pm - 5:00 pm",08/27/2021 12:00:00 AM
Food Bank,Highline Area Food Bank,Highline Area Food Bank,Open,We are asking our clients to wash hands when they enter the building and not to touch any thing while in the building. The food will be put in a bag or box in your cart all while asking you still which foods you would want. As you exit the building the cart will be given to you to go to your car. Please bring the cart back up to the door so that we may clean it before our next client.,General Public,"18300 4th Avenue South, Burien, WA 98148",47.4383823,-122.3275755,(206)-433-9900,http://www.highlineareafoodbank.org/,"Tues: 12:00 pm - 2:30 pm
Thurs: 10:00 am - 12:30 pm 
2nd Tues Evening of Each Month: 5:30 pm - 7:00 pm",08/27/2021 12:00:00 AM
Food Bank,Holy Innocents Food Pantry,Holy Innocents Church,Limited Operations,Need to set an appointment for services via website: www.holyinn.org/85,General Public,"26526 NE Cherry Valley Road, Duvall, WA 98019",47.7482852,-121.9818384,(425)-788-1400,http://www.holyinn.org/85,"Tues: 3:00 pm - 6:30 pm 
Wed: 10:00 am - 12:00 pm",08/27/2021 12:00:00 AM
Food Bank,Holy Temple Evangelistic Center,,Limited Operations,Emergency food,General Public,"12600 Renton Ave S, Seattle, WA 98178",47.4917411,-122.2393177,(206)-722-3984,http://www.facebook.com/HolyTECSeattle/,Sat: 1:00 pm -3:00 pm,08/27/2021 12:00:00 AM
Food Bank,Issaquah Food and Clothing Bank,Issaquah Food and Clothing Bank,Limited Operations,"Serving zips: 98027, 98029, 98059 and 98075; ID helpful; proof of address needed

Pre-packed food boxes and produce bags distributed every other week with two weeks worth of food. Drive or walk up service only outside the building (179 1st Ave SE).

Masks required for visits

Open: August 11, 13, 25, 27
September 8,10,22,24

Groceries to Go will still be delivered every week.",General Public,"179 1st Ave SE, Issaquah, WA 98027",47.528687,-122.0349549,(425)-392-4123,http://issaquahfoodbank.org/,Monday-Thursday: 1:00 pm - 7:00 pm (every other week),08/27/2021 12:00:00 AM
Food Bank,Woodinville Store House,Woodinville Store House,Limited Operations,Pre-packaged grocery bags for pick up,General Public,"17110 140th Ave NE, Woodinville, WA 98072",47.7520872,-122.1518646,(425)-483-5252,http://www.woodinvillestorehouse.org,"Tues: 6:30 pm - 7:20 pm
Sat: 9:30 am - 10:20 am",08/27/2021 12:00:00 AM
Meal,Church By The Side Of The Road,,Open,,General Public,"3455 S 148th St, Tukwila, WA 98168",47.469863,-122.2871757,(206)-243-5024,http://www.cbsr.org/,Tues: 12:00 pm,08/27/2021 12:00:00 AM
Food Bank,Kent Food Bank and Emergency Services,Kent Food Bank,Limited Operations,"Requires: photo ID/food bank card or photo ID and piece of mail from Kent service area.

Walk-up customers: prepackaged boxes distributed at east door.

Drive-up customers: pre-packaged boxes distributes at posted sign, please remain in your vehicle.

1 person per household will be allowed entrance into the building/office for check-in, no exceptions. All other household members, family or friends, must remain outside waiting, no matter age or reason you brought them. *During this time please leave children at home with childcare or bring a responsible person who can care for them outside while you are checking in.",General Public,"515 W Harrison St, Kent, WA 9803",47.3824076,-122.2386782,,http://www.kentfoodbank.org/foodbank.php,"Wed, Fri:
Walk Up: 10:00 am - 1:00 pm
Drive up: 10:30 am - 12:00 pm
Thurs: Age 55+ (only): 10:00 am - 11:00 am",08/27/2021 12:00:00 AM
Food Bank,Maple Valley Food Bank and Emergency Services,Maple Valley Food Bank,Limited Operations,"Service area only, proof of address: Maple Valley, Black Diamond, Hobart, Tahoma SD.",General Public,"21415 Renton-Maple Valley Rd SE, Maple Valley, WA 98038",47.4093955,-122.0395922,(425)-432-8633,http://maplevalleyfoodbank.org/,"Tues: 10:30 am - 6:00 pm
Wed: 10:30 am - 1:00 pm",08/27/2021 12:00:00 AM
Meal,Multicultural Self-Sufficiency Movement,Evergreen Senior Club - Federal Way Community Center,Limited Operations,Please call ahead for availability,Older Adults 60+ and Eligible Participants,"30819 14th Ave S, Federal Way, WA 98003",47.3256699,-122.3164786,(253)-835-6925,http://www.itallhappenshere.org/category/news/fwcc-operation-notices/,"Tues, Thurs:
11:00 am - 1:00 pm",08/27/2021 12:00:00 AM
Food Bank,Northwest Harvest/World Relief,Hillside Church,Open,Groceries to feed a family of 4,General Public,"930 E James St, Kent, WA 98031",47.3861959,-122.2218815,(253)-852-5144,http://hillsidechurch.squarespace.com/local-1,Sat: 9:00 am - 12:00 pm,08/27/2021 12:00:00 AM
Meal,Operation Nightwatch,,Limited Operations,To-go ready-to-eat food available nightly.,General Public,"302 14th Ave S, Seattle, WA 98144",47.5998571,-122.3137564,(206)-323-4359,http://www.seattlenightwatch.org/what-we-do/food-and-shelter/,"Sun, Mon, Tues, Wed, Thurs, Fri, Sat:
9:00 pm",08/27/2021 12:00:00 AM
Food Bank,Paradise of Praise,Food Bank,Open,,General Public,"1316 SW Holden Street, Seattle, WA 98106",47.5344477,-122.3524692,(206)-432-7210,http://www.paradiseofpraise.org/,Tues: 10:00 am - 12:00 pm,08/27/2021 12:00:00 AM
Meal,Raging River CC Food Bank (Adra P. Berry Memorial Food Bank),Raging River Community Church,Open,Extended hours during COVID,General Public,"31104 SE 86th St, Preston, WA 98050",47.5236596,-121.926249,(425)-222-5573,http://ragingrivercommunitychurch.org/ministry/foodbank/,Thurs: 1:00 pm - 4:00 pm,08/27/2021 12:00:00 AM
Meal,Ravenna PopUp Kitchen,,Limited Operations,"Instead of our usual hot meal setup, we continue to provide to-go meals. We set up Sunday afternoon from 3-4 as usual (on 65th and 8th Ave NE, under the I5 overpass). 
Contact ravennapopupkitchen@gmail.com for more information.",General Public,"65th and 8th Ave NE, under the I5 overpass",47.675803,-122.320245,None,http://www.facebook.com/pages/category/Community/Ravenna-PopUp-Kitchen-498542463880219/,"Sun:
3:00 pm - 4:00 pm",08/27/2021 12:00:00 AM
Food Bank,Renewal Food Bank,Highland Covenant Church,Open,"Eligibility:
• You can visit one time per week.
• You will need to provide proof of address and your ID on your first visit.
• Each time you come please bring your ID.

New Process:
• Visitors stay outdoors, volunteers stay indoors.
• A volunteer shows you which items are available.
• You decide which items to accept.
Fresh fruits and vegetables are pre-bagged.
• A volunteer places your selection in paper bags.
• The new process gets you in and out in about two minutes",General Public,"15022 Bel-Red Road, Bellevue, WA 98007",47.6275862,-122.1394748,(425)-736-8132,https://www.facebook.com/RenewalFoodBank/,"Mon: 12:00 am - 3:00 pm
Tues: 4:00 pm - 6:30 pm
Wed: 10:00 am - 1:00 pm",08/27/2021 12:00:00 AM
Food Bank,Salvation Army,Salvation Army Seattle,Open,Only pre-bagged available,General Public,"1101 Pike Street, Seattle, WA 98101",47.6132654,-122.328461,(206)-442-8377,http://www.seattlefoodcommittee.org/food-bank-directory/seattle-food-banks/salvation-army-food-bank.html,"Tues: 9:00 am - 11:30 am AND 1:00 pm - 3:00 pm
Wed: 9:00 am - 11:30 am AND 1:00 pm - 3:00 pm
Thur: 1:00 pm - 3:00 pm",08/27/2021 12:00:00 AM
Food Bank,Snoqualmie Valley Food Bank,,Limited Operations,Food bank open but the Mobile Food Bank Van has been cancelled.,General Public,"122 E 3rd St, North Bend, WA 98045",47.4962806,-121.783458,(425)-888-7832,http://www.snoqualmievalleyfoodbank.org/,"Mon: 10:00 am - 11:30 am Seniors Only 
Mon: 11:30 am - 1:00pm All
Tue: 3:00 pm - 6:30 pm 
Wed: 9:30 am - 4:30 pm",08/27/2021 12:00:00 AM
Food Bank,St. Stephen the Martyr Catholic Church,Food Bank,Limited Operations,,Contact Agency for Any Eligibility Requirements,"13055 SE 192nd St, Renton, WA 98058",47.4292298,-122.1662234,(253)-631-1940,http://www.ststephenslife.com/food-bank,"Mon: 10:00 am - 11:45am
Wed: 4:00 pm -5:45 pm 
Fri: 10:00 am - 11:45am",08/27/2021 12:00:00 AM
Food Bank,"The Storehouse, Covington Food Bank",Located behind Real Life Church,Open,Distributing prepacked boxes or bags,General Public,"26201 180th Ave SE, Covington, WA 98042",47.3665236,-122.1027806,(253)-631-3038,http://www.covingtonstorehouse.org/post/covid-19-information,"Mon: 4:00 pm - 6:00 pm
Fri: 10:00 am -  12:00 pm
Sat: 9:00 am - 12:00 am",08/27/2021 12:00:00 AM
Food Bank,Tukwila Pantry,Riverton Park United Methodist Church,Open,For the duration of the COVID -19 Emergency all normal registration procedures are temporarily suspended until further notice.,General Public,"3118 S 140th St, Tukwila, WA 98168",47.4784931,-122.2924379,(206)-431-8293,http://tukwilapantry.org/,"Tues, Thurs, Sat: 10:00 am - 2:00 pm",08/27/2021 12:00:00 AM
Food Bank,Vashon Maury Community Food Bank,Vashon Community Food Bank,Open,"Delivery to in town locations  Tues from 12:00 pm - 4:00 pm

Delivery to all other island homes Thurs from 10:00 - 4:00 pm",General Public,"10030 SW 210th St, Vashon, WA 98070",47.4171449,-122.4633388,(206)-463-6332,http://www.vashonfoodbank.org/,"Grocery Pick Up:
Wed: 10:00 am - 2:00 pm & 4:00 pm - 7:00 pm

Home Delivery:
Thurs: 11:00 am - 5:00 pm
Fri: 11:00 am - 2:00 pm",08/27/2021 12:00:00 AM
Meal,Vashon Senior Center,,Limited Operations,"Isolated seniors may sign up by calling the Center or emailing: lunch@vashoncenter.org 

Meal on Wheels available to qualifying older adults; provides frozen meals to seniors who have difficulty shopping.",Seniors 55+ who have requested meals,"10004 SW Bank Road, Vashon, WA 98070",47.4475822,-122.4620178,(206)-463-5173,http://www.vashoncenter.org/lunch-delivery,"Mon, Wed, Fri",08/27/2021 12:00:00 AM
Meal,Victory Outreach Seattle,,Limited Operations,Distributing cold/shelf-stable no-cook meals only for guests during Covid-19,Contact Agency for Any Eligibility Requirements,"824 108th St SW, Seattle, WA  98146",47.5068483,-122.3456315,(206)-244-8184,http://www.voseattle.com/ministries/,Please contact the agency by phone for more information.,08/27/2021 12:00:00 AM
